Metric,Train Mean,Train Std,Test Mean,Test Std
Accuracy,1.0,0.0,0.9999570128722077,5.731531489790033e-05
Precision Macro,1.0,0.0,0.9998971016917683,0.0001371830404038163
Recall Macro,1.0,0.0,0.9991291690399343,0.001160055750679337
F1 Macro,1.0,0.0,0.9995115290445981,0.0006510258002257712
Roc Auc Ovr,1.0,0.0,0.9999999971428324,5.714335493678392e-09
