,Accuracy,Accuracy Std,Precision,Recall,F1-Score,ROC-AUC
Gradient Boosting,0.9999713425992262,5.731480154751445e-05,0.9999314128943759,0.9994202898550725,0.9996745679822542,1.0
Random Forest,0.9999570128722077,5.731531489790033e-05,0.9998971016917683,0.9991291690399343,0.9995115290445981,0.9999999971428324
SVM (RBF),0.987003323607605,0.001058288657546772,0.9776497003446831,0.9504947423185423,0.9635631627938906,0.9992541853121976
KNN (k=5),0.9737200300889363,0.0012396971723260936,0.958528736003292,0.8901806530526228,0.9216785983729985,0.987653723731485
AdaBoost,0.9326235423329529,0.0007996333769182171,0.942110677059825,0.8385856505320974,0.8631981004793559,0.8483595391191393
Logistic Regression,0.9358619754287375,0.0011307551066860083,0.9016618748708213,0.78688526685022,0.8358339044995073,0.9688677719810705
